{
  "current": "Base",
  "presets": {
    "Base": {
      "brand_main_color": "#34459d",
      "body_background_color": "#ffffff",
      "gradient_pages": "gradient-even",
      "gradient_footer": "gradient-odd",
      "gradient_1_text": "#ffffff",
      "gradient_odd_a": "#6c71c1",
      "gradient_odd_b": "#34459d",
      "gradient_odd_c": "#623ebb",
      "gradient_2_text": "#ffffff",
      "gradient_even_a": "#623ebb",
      "gradient_even_b": "#34459d",
      "gradient_even_c": "#6c71c1",
      "headings_color": "#000000",
      "body_font_color": "#444444",
      "main_link_color": "#34459d",
      "main_link_color_hover": "#9733a1",
      "newsletter_bg": "#eff5fb",
      "topnav_bg_color": "#eff5fb",
      "topnav_text_color": "#515151",
      "topnav_text_color_hover": "#34459d",
      "main_navbar_bg": "#ffffff",
      "main_navbar_text_color": "#515151",
      "main_navbar_text_color_hover": "#34459d",
      "btn_text_color": "#ffffff",
      "btn_bg_color": "#34459d",
      "btn_text_color_hover": "#ffffff",
      "btn_bg_color_hover": "#21138d",
      "btn_slide_1_text": "#ffffff",
      "btn_slide_1_bg": "#273fa6",
      "btn_slide_1_text_over": "#21138d",
      "btn_slide_1_bg_over": "#ffffff",
      "btn_slide_2_text": "#ffffff",
      "btn_slide_2_bg": "#34459d",
      "btn_slide_2_text_over": "#21138d",
      "btn_slide_2_bg_over": "#ffffff",
      "btn_slide_3_text": "#ffffff",
      "btn_slide_3_bg": "#34459d",
      "btn_slide_3_text_over": "#21138d",
      "btn_slide_3_bg_over": "#ffffff",
      "btn_slide_4_text": "#ffffff",
      "btn_slide_4_bg": "#34459d",
      "btn_slide_4_text_over": "#21138d",
      "btn_slide_4_bg_over": "#ffffff",
      "product_card_background_color": "#ffffff",
      "product_compared_price_color": "#ff0000",
      "body_font": "Google+Source+Sans+Pro",
      "body_font_weight": "300",
      "body_font_size": "16",
      "heading_font": "Google+Source+Sans+Pro",
      "heading_font_weight": "300",
      "heading_font_size": "36",
      "use_favicon": false,
      "favicon.png": "",
      "use_apple_icon": false,
      "apple_touch_icon.png": "",
      "use_logo": false,
      "logo.png": "",
      "header_display_search": true,
      "header_display_my_account": true,
      "footer_use_logo": true,
      "footer_logo.png": "",
      "footer_display_newsletter": true,
      "mailing_list_title": "Suscríbete a nuestro newsletter",
      "mailing_list_text": "Sólo te enviaremos lo más destacado",
      "featured_collection_trending": "inicio",
      "feature_products_trending_title": "Productos Destacados",
      "featured_collection_latest": "inicio",
      "feature_latest_products_title": "Productos Recientes",
      "frontpage_section_1": "featured-slider",
      "frontpage_section_2": "featured-banners",
      "frontpage_section_3": "featured-latest-products",
      "frontpage_section_4": "featured-main-banner",
      "frontpage_section_5": "featured-products-trendings",
      "frontpage_section_6": "featured-blog",
      "footer_display_social": true,
      "facebook_link": "https://fb.com/ShopertiHQ",
      "twitter_link": "https://twitter.com/shoperti",
      "instagram_link": "",
      "google_link": "",
      "youtube_link": "",
      "vimeo_link": "",
      "pinterest_link": "",
      "tumblr_link": "",
      "whatsapp_link":"",
      "accept_visa": true,
      "accept_mastercard": true,
      "accept_amex": true,
      "accept_paypal": true,
      "accept_oxxo": false,
      "accept_cash": false,
      "accept_spei": false,
      "footer_display_contact_data": true,
      "footer_contact_data": "Calle Principal #10\r\n+52 1 123 456 7890",
      "featured_blog": "noticias",
      "featured_blog_title": "Desde el Blog",
      "featured_posts_limit": "4",
      "banner_1": true,
      "banner_1_image": "",
      "banner_1_title": "Mini Banner 1",
      "banner_1_url": "",
      "banner_2": true,
      "banner_2_image": "",
      "banner_2_title": "Mini Banner 2",
      "banner_2_url": "",
      "banner_3": true,
      "banner_3_image": "",
      "banner_3_title": "Mini Banner 3",
      "banner_3_url": "",
      "slide_1": true,
      "slide_1_image": "",
      "slide_1_image_show": false,
      "slide_1_title": "¡Bienvenido a Tamara!",
      "slide_1_desc": "Un tema visualmente impactante para Shoperti.",
      "slide_1_btn_show": false,
      "slide_1_btn_text": "Ver más",
      "slide_1_link": "",
      "slide_1_dark": false,
      "slide_1_overlay": "rgba(0,0,0,.3)",
      "slide_1_overlay_show": false,
      "slide_2": true,
      "slide_2_image": "",
      "slide_2_image_show": false,
      "slide_2_title": "Es Responsivo",
      "slide_2_desc": "Tamara es un tema 100% responsivo, se verá grandioso en cualquier dispositivo.",
      "slide_2_btn_show": false,
      "slide_2_btn_text": "Ver más",
      "slide_2_link": "",
      "slide_2_dark": false,
      "slide_2_overlay": "rgba(0,0,0,.3)",
      "slide_2_overlay_show": false,
      "slide_3": true,
      "slide_3_image": "",
      "slide_3_image_show": false,
      "slide_3_title": "Es Rápido",
      "slide_3_desc": "Todos los scripts y estilos están optimizados.",
      "slide_3_btn_show": false,
      "slide_3_btn_text": "Ver más",
      "slide_3_link": "",
      "slide_3_dark": true,
      "slide_3_overlay": "rgba(255,255,255,1)",
      "slide_3_overlay_show": true,
      "slide_4": false,
      "slide_4_image": "",
      "slide_4_image_show": false,
      "slide_4_title": "",
      "slide_4_desc": "",
      "slide_4_btn_show": false,
      "slide_4_btn_text": "Ver más",
      "slide_4_link": "",
      "slide_4_dark": false,
      "slide_4_overlay": "rgba(0,0,0,.3)",
      "slide_4_overlay_show": false,
      "map_is_enabled": false,
      "map_address": "Mexico City",
      "map_zoom": "14",
      "map_marker": true,
      "map_api_key": "",
      "featured_space_1": true,
      "featured_space_1_bg": "gradient-even",
      "featured_space_1_image": "",
      "featured_space_1_display_image": false,
      "featured_space_1_title": "Título",
      "featured_space_1_desc": "Pellentesque posuere orci lobortis scelerisque blandit. Donec id tellus lacinia an, tincidunt risus ac, consequat velit. Quisquemos sodales suscipit tortor ditaemcos condimentum lacus meleifend menean viverra auctor blanditos comodous.",
      "featured_space_1_btn": true,
      "featured_space_1_btn_text": "Ver más",
      "featured_space_1_btn_url": "",
      "collections_display_intro_text": true,
      "collections_intro_text": "Conoce nuestras colecciones con los productos más increíbles.",
      "products_display_intro_text": true,
      "products_intro_text": "Mira la asombrosa variedad de artículos disponibles.",
      "enable_product_image_zoom": true,
      "product_image_zoom_in_text": "Clic para zoom",
      "product_image_zoom_out_text": "Clic para salir",
      "show_vendor_name": false,
      "show_sku_code": false,
      "enable_share_products": true,
      "enable_share_blog": true,
      "share_facebook": true,
      "share_twitter": true,
      "share_pinterest": true,
      "share_google": true,
      "display_sidebar_collections": true,
      "display_sidebar_categories": true,
      "display_sidebar_menu": false,
      "display_sidebar_menu_name": "",
      "footer_show_main_menu": true,
      "footer_main_menu": "footer",
      "footer_main_title": "Menú",
      "footer_show_secondary_menu": false,
      "footer_secondary_menu_title": "",
      "footer_secondary_menu": "",
      "btn_product_buy_in_list": true,
      "btn_product_buy_now_text": "COMPRAR",
      "btn_product_view_now_text": "VER",
      "orderby_name": true,
      "orderby_created": true,
      "orderby_price": true,
      "orderby_name_ascending_text": "Alfabéticamente A-Z",
      "orderby_name_descending_text": "Alfabéticamente Z-A",
      "orderby_created_ascending_text": "Fecha: Nuevos a viejos",
      "orderby_created_descending_text": "Fecha: Viejos a nuevos",
      "orderby_price_ascending_text": "Precio: Menor a mayor",
      "orderby_price_descending_text": "Precio: Mayor a menor",
      "enabled_gift_option": false,
      "gift_message": "Esto es un regalo. Incluir el siguiente mensaje (150 caracteres máximo).",
      "gift_title_message": "Mensaje del regalo:",
      "gift_btn_message": "Agregar mensaje",
      "enabled_customer_note_option": true,
      "customer_title_note": "Agrega alguna nota o comentario al vendedor:",
      "customer_btn_note_text": "Agregar nota"
    }
  }
}
