{
  "current": "Base",
  "presets": {
    "Base": {
      "brand_main_color": "#774f9a",
      "body_background_color": "#ffffff",
      "gradient_pages": "gradient-even",
      "gradient_footer": "gradient-odd",
      "gradient_1_text": "#774f9a",
      "gradient_odd_a": "#6701c0",
      "gradient_odd_b": "#7d2ac6",
      "gradient_odd_c": "#ba6dfc",
      "gradient_2_text": "#ede2fb",
      "gradient_even_a": "#ede2fb",
      "gradient_even_b": "#efe8f8",
      "gradient_even_c": "#e8d8fb",
      "headings_color": "#000000",
      "body_font_color": "#444444",
      "main_link_color": "#774f9a",
      "main_link_color_hover": "#8c4f9a",
      "newsletter_bg": "#eceff3",
      "topnav_bg_color": "#f4f4f4",
      "topnav_text_color": "#515151",
      "topnav_text_color_hover": "#774f9a",
      "main_navbar_bg": "#ffffff",
      "main_navbar_text_color": "#555555",
      "main_navbar_text_color_hover": "#774f9a",
      "btn_text_color": "#ffffff",
      "btn_bg_color": "#774f9a",
      "btn_text_color_hover": "#ffffff",
      "btn_bg_color_hover": "#8c4f9a",
      "slide_1_title_color": "",
      "slide_1_text_color": "",
      "btn_slide_1_text": "#ffffff",
      "btn_slide_1_bg": "#774f9a",
      "btn_slide_1_text_over": "#8c4f9a",
      "btn_slide_1_bg_over": "#ffffff",
      "slide_2_title_color": "",
      "slide_2_text_color": "",
      "btn_slide_2_text": "#ffffff",
      "btn_slide_2_bg": "#774f9a",
      "btn_slide_2_text_over": "#892adc",
      "btn_slide_2_bg_over": "#ffffff",
      "slide_3_title_color": "",
      "slide_3_text_color": "",
      "btn_slide_3_text": "#ffffff",
      "btn_slide_3_bg": "#774f9a",
      "btn_slide_3_text_over": "#8c4f9a",
      "btn_slide_3_bg_over": "#ffffff",
      "slide_4_title_color": "",
      "slide_4_text_color": "",
      "btn_slide_4_text": "#ffffff",
      "btn_slide_4_bg": "#774f9a",
      "btn_slide_4_text_over": "#8c4f9a",
      "btn_slide_4_bg_over": "#ffffff",
      "product_card_background_color": "#ffffff",
      "product_compared_price_color": "#b34e4e",
      "body_font": "Google+Roboto",
      "body_font_weight": "300",
      "body_font_size": "16",
      "heading_font": "Google+Roboto",
      "heading_font_weight": "400",
      "heading_font_size": "36",
      "use_favicon": false,
      "favicon.png": "",
      "use_apple_icon": false,
      "apple_touch_icon.png": "",
      "ogimage": "",
      "topbanner": true,
      "topbanner_link": "#",
      "topbanner_text": "ENVÍO GRATIS EN COMPRAS SUPERIORES A $10,000",
      "topbanner_text_color": "#cdb2e5",
      "topbanner_bg_color": "#774f9a",
      "use_logo": false,
      "logo.png": "",
      "mobilelogo.png": "",
      "header_display_search": true,
      "header_display_my_account": true,
      "footer_use_logo": true,
      "footer_logo.png": "",
      "footer_display_newsletter": true,
      "mailing_list_title": "Suscríbete a nuestro newsletter",
      "mailing_list_text": "Sólo te enviaremos lo más destacado",
      "featured_collection_trending": "inicio",
      "feature_products_trending_title": "Productos Destacados",
      "featured_collection_latest": "inicio",
      "feature_latest_products_title": "Productos Recientes",
      "frontpage_section_1": "featured-slider",
      "frontpage_section_2": "featured-banners",
      "frontpage_section_3": "featured-latest-products",
      "frontpage_section_4": "featured-main-banner",
      "frontpage_section_5": "featured-products-trendings",
      "frontpage_section_6": "featured-blog",
      "footer_display_social": true,
      "facebook_link": "https://fb.com/KometiaHQ",
      "twitter_link": "https://twitter.com/KometiaHQ",
      "instagram_link": "",
      "youtube_link": "",
      "vimeo_link": "",
      "pinterest_link": "",
      "tumblr_link": "",
      "whatsapp_link": "",
      "accept_visa": true,
      "accept_mastercard": true,
      "accept_amex": true,
      "accept_paypal": true,
      "accept_oxxo": true,
      "accept_cash": true,
      "accept_spei": true,
      "footer_display_contact_data": true,
      "footer_contact_data": "Calle Principal #10 +52 0 000 000 0000",
      "featured_blog": "noticias",
      "featured_blog_title": "Desde el Blog",
      "featured_posts_limit": "4",
      "banner_1": true,
      "banner_1_image": "",
      "banner_1_title": "Novedades",
      "banner_1_url": "",
      "banner_2": true,
      "banner_2_image": "",
      "banner_2_title": "Ofertas",
      "banner_2_url": "",
      "banner_3": true,
      "banner_3_image": "",
      "banner_3_title": "Temporada",
      "banner_3_url": "",
      "slide_1": true,
      "slide_1_image_desktop": "",
      "slide_1_image_mobile": "",
      "slide_1_image_show": false,
      "slide_1_title": "¡Bienvenido a mi Tienda!",
      "slide_1_desc": "Visualmente impactante.",
      "slide_1_btn_show": false,
      "slide_1_btn_text": "Ver más",
      "slide_1_link": "",
      "slide_1_dark": false,
      "slide_1_overlay": "#000000",
      "slide_1_overlay_show": false,
      "slide_2": true,
      "slide_2_image_desktop": "",
      "slide_2_image_mobile": "",
      "slide_2_image_show": false,
      "slide_2_title": "Es Responsivo",
      "slide_2_desc": "Tamara es un tema 100% responsivo, se verá grandioso en cualquier dispositivo.",
      "slide_2_btn_show": false,
      "slide_2_btn_text": "Ver más",
      "slide_2_link": "",
      "slide_2_dark": false,
      "slide_2_overlay": "#000000",
      "slide_2_overlay_show": false,
      "slide_3": true,
      "slide_3_image_desktop": "",
      "slide_3_image_mobile": "",
      "slide_3_image_show": false,
      "slide_3_title": "Es Rápido",
      "slide_3_desc": "Todos los scripts y estilos están optimizados.",
      "slide_3_btn_show": false,
      "slide_3_btn_text": "Ver más",
      "slide_3_link": "",
      "slide_3_dark": false,
      "slide_3_overlay": "#000000",
      "slide_3_overlay_show": false,
      "slide_4": false,
      "slide_4_image_desktop": "",
      "slide_4_image_mobile": "",
      "slide_4_image_show": false,
      "slide_4_title": "",
      "slide_4_desc": "",
      "slide_4_btn_show": false,
      "slide_4_btn_text": "Ver más",
      "slide_4_link": "",
      "slide_4_dark": false,
      "slide_4_overlay": "#000000",
      "slide_4_overlay_show": false,
      "map_is_enabled": false,
      "map_address": "Mexico City",
      "map_zoom": "14",
      "map_marker": false,
      "map_api_key": "",
      "featured_space_1": true,
      "featured_space_1_bg": "gradient-even",
      "featured_space_1_image": "",
      "featured_space_1_display_image": false,
      "featured_space_1_title": "Título",
      "featured_space_1_desc": "Pellentesque posuere orci lobortis scelerisque blandit. Donec id tellus lacinia an, tincidunt risus ac, consequat velit. Quisquemos sodales suscipit tortor ditaemcos condimentum lacus meleifend menean viverra auctor blanditos comodous.",
      "featured_space_1_btn": true,
      "featured_space_1_btn_text": "Ver más",
      "featured_space_1_btn_url": "",
      "collections_display_intro_text": true,
      "collections_intro_text": "Conoce nuestras colecciones con los productos más increíbles.",
      "products_display_intro_text": false,
      "products_intro_text": "Mira la asombrosa variedad de artículos disponibles.",
      "enable_product_image_zoom": true,
      "thumbnails_size": "square",
      "enable_product_excerpt": false,
      "product_image_zoom_in_text": "Clic para zoom",
      "product_image_zoom_out_text": "Clic para salir",
      "show_vendor_name": true,
      "show_sku_code": true,
      "enable_share_products": true,
      "enable_share_blog": true,
      "share_facebook": true,
      "share_twitter": true,
      "share_pinterest": true,
      "display_sidebar_collections": false,
      "display_sidebar_categories": false,
      "display_sidebar_menu": false,
      "display_sidebar_menu_name": "",
      "footer_show_main_menu": true,
      "footer_main_menu": "main",
      "footer_main_title": "Empresa",
      "footer_show_secondary_menu": false,
      "footer_secondary_menu_title": "Novedades",
      "footer_secondary_menu": "main",
      "btn_product_buy_in_list": false,
      "orderby_name": true,
      "orderby_created": true,
      "orderby_price": true,
      "orderby_name_ascending_text": "Alfabéticamente A-Z",
      "orderby_name_descending_text": "Alfabéticamente Z-A",
      "orderby_created_ascending_text": "Fecha: Nuevos a viejos",
      "orderby_created_descending_text": "Fecha: Viejos a nuevos",
      "orderby_price_ascending_text": "Precio: Menor a mayor",
      "orderby_price_descending_text": "Precio: Mayor a menor",
      "enabled_gift_option": false,
      "gift_title_message": "Esto es un regalo. Incluir el siguiente mensaje (150 caracteres máximo).",
      "gift_btn_message": "Guardar",
      "enabled_customer_note_option": true,
      "customer_title_note": "Agrega alguna nota o comentario al vendedor:",
      "customer_btn_note_text": "Agregar nota"
    }
  }
}
